{
    "resources": [
        {
            "name": "../../com/sap/build/standard/consolidado/controller/Dialog3-dbg.js",
            "isDebug": true
        },
        {
            "name": "../../com/sap/build/standard/consolidado/i18n/i18n.properties",
            "raw": "i18n/i18n.properties"
        },
        {
            "name": "../../com/sap/build/standard/consolidado/controller/Page2.controller.js"
        },
        {
            "name": "../../com/sap/build/standard/consolidado/manifest.json"
        },
        {
            "name": "../../com/sap/build/standard/consolidado/model/models.js"
        },
        {
            "name": "../../com/sap/build/standard/consolidado/model/formatter.js"
        },
        {
            "name": "../../com/sap/build/standard/consolidado/model/errorHandling.js"
        },
        {
            "name": "../../com/sap/build/standard/consolidado/controller/utilities.js"
        },
        {
            "name": "../../com/sap/build/standard/consolidado/controller/Popover2.js"
        },
        {
            "name": "../../com/sap/build/standard/consolidado/controller/Popover1.js"
        },
        {
            "name": "../../com/sap/build/standard/consolidado/data/hierarchicalJSONData.json"
        },
        {
            "name": "../../com/sap/build/standard/consolidado/controller/Page1.controller.js"
        },
        {
            "name": "../../com/sap/build/standard/consolidado/controller/Dialog3.js"
        },
        {
            "name": "../../com/sap/build/standard/consolidado/controller/Dialog2.js"
        },
        {
            "name": "../../com/sap/build/standard/consolidado/controller/Dialog1.js"
        },
        {
            "name": "../../com/sap/build/standard/consolidado/controller/DemoPersoService.js"
        },
        {
            "name": "../../com/sap/build/standard/consolidado/Component.js"
        },
        {
            "name": "../../com/sap/build/standard/consolidado/manifest-bundle.zip"
        },
        {
            "name": "../../com/sap/build/standard/consolidado/Component-preload.js",
            "merged": true
        },
        {
            "name": "../../com/sap/build/standard/consolidado/model/errorHandling-dbg.js",
            "isDebug": true
        },
        {
            "name": "../../com/sap/build/standard/consolidado/model/formatter-dbg.js",
            "isDebug": true
        },
        {
            "name": "../../com/sap/build/standard/consolidado/model/models-dbg.js",
            "isDebug": true
        },
        {
            "name": "../../com/sap/build/standard/consolidado/controller/utilities-dbg.js",
            "isDebug": true
        },
        {
            "name": "../../com/sap/build/standard/consolidado/controller/Popover2-dbg.js",
            "isDebug": true
        },
        {
            "name": "../../com/sap/build/standard/consolidado/controller/Popover1-dbg.js",
            "isDebug": true
        },
        {
            "name": "../../com/sap/build/standard/consolidado/controller/Page2-dbg.controller.js",
            "isDebug": true
        },
        {
            "name": "../../com/sap/build/standard/consolidado/controller/Page1-dbg.controller.js",
            "isDebug": true
        },
        {
            "name": "../../com/sap/build/standard/consolidado/i18n/i18n_en.properties",
            "raw": "i18n/i18n.properties",
            "locale": "_en"
        },
        {
            "name": "../../com/sap/build/standard/consolidado/controller/Dialog2-dbg.js",
            "isDebug": true
        },
        {
            "name": "../../com/sap/build/standard/consolidado/controller/Dialog1-dbg.js",
            "isDebug": true
        },
        {
            "name": "../../com/sap/build/standard/consolidado/controller/DemoPersoService-dbg.js",
            "isDebug": true
        },
        {
            "name": "../../com/sap/build/standard/consolidado/Component-dbg.js",
            "isDebug": true
        },
        {
            "name": "../../sap-ui-version.json"
        },
        {
            "name": "../../com/sap/build/standard/consolidado/view/SortDialogPage2.fragment.xml"
        },
        {
            "name": "../../com/sap/build/standard/consolidado/view/SortDialog.fragment.xml"
        },
        {
            "name": "../../com/sap/build/standard/consolidado/view/Popover2.fragment.xml"
        },
        {
            "name": "../../com/sap/build/standard/consolidado/view/Popover1.fragment.xml"
        },
        {
            "name": "../../com/sap/build/standard/consolidado/view/Page2.view.xml"
        },
        {
            "name": "../../com/sap/build/standard/consolidado/view/Page1.view.xml"
        },
        {
            "name": "../../com/sap/build/standard/consolidado/view/GroupDialogPage2.fragment.xml"
        },
        {
            "name": "../../com/sap/build/standard/consolidado/view/GroupDialog.fragment.xml"
        },
        {
            "name": "../../com/sap/build/standard/consolidado/view/FilterDialogPage2.fragment.xml"
        },
        {
            "name": "../../com/sap/build/standard/consolidado/view/FilterDialog.fragment.xml"
        },
        {
            "name": "../../com/sap/build/standard/consolidado/view/DialogMateriais.fragment.xml"
        },
        {
            "name": "../../com/sap/build/standard/consolidado/view/DialogCadastroCnpj.fragment.xml"
        },
        {
            "name": "../../com/sap/build/standard/consolidado/view/Dialog3.fragment.xml"
        },
        {
            "name": "../../com/sap/build/standard/consolidado/view/Dialog2.fragment.xml"
        },
        {
            "name": "../../com/sap/build/standard/consolidado/view/Dialog1.fragment.xml"
        },
        {
            "name": "../../com/sap/build/standard/consolidado/WEB-INF/web.xml"
        },
        {
            "name": "../../com/sap/build/standard/consolidado/index.html"
        }
    ]
}