{
  "Component.js": 1613575740365,
  "i18n/i18n.properties": 1613575740385,
  "controller/Dialog1.js": 1614280751753,
  "manifest.json": 1616875068816,
  "model/models.js": 1613575740413,
  "model/formatter.js": 1615989877526,
  "model/errorHandling.js": 1613575740413,
  "controller/utilities.js": 1613575740385,
  "controller/Popover2.js": 1614626561025,
  "controller/Popover1.js": 1613575740373,
  "controller/Page2.controller.js": 1614628088654,
  "controller/Page1.controller.js": 1616588387581,
  "controller/Dialog3.js": 1616014629146,
  "controller/Dialog2.js": 1615391059440,
  "data/hierarchicalJSONData.json": 1613575740385,
  "controller/DemoPersoService.js": 1613763210266,
  "i18n/i18n_en.properties": 1613575740393,
  "manifest-bundle.zip": 1616875068105,
  "Component-preload.js": 1616875068683,
  "controller/utilities-dbg.js": 1613575740385,
  "model/formatter-dbg.js": 1615989877526,
  "model/errorHandling-dbg.js": 1613575740413,
  "model/models-dbg.js": 1613575740413,
  "controller/Popover2-dbg.js": 1614626561025,
  "controller/Popover1-dbg.js": 1613575740373,
  "controller/Page2-dbg.controller.js": 1614628088654,
  "controller/Page1-dbg.controller.js": 1616588387581,
  "controller/Dialog3-dbg.js": 1616014629146,
  "controller/Dialog2-dbg.js": 1615391059440,
  "controller/Dialog1-dbg.js": 1614280751753,
  "controller/DemoPersoService-dbg.js": 1613763210266,
  "Component-dbg.js": 1613575740365,
  "view/SortDialogPage2.fragment.xml": 1614189917595,
  "view/SortDialog.fragment.xml": 1614779568323,
  "view/Popover2.fragment.xml": 1614626891929,
  "view/Popover1.fragment.xml": 1613575740605,
  "view/Page2.view.xml": 1614285734198,
  "view/Page1.view.xml": 1616686274963,
  "view/GroupDialogPage2.fragment.xml": 1614189743605,
  "view/GroupDialog.fragment.xml": 1613755720929,
  "view/FilterDialogPage2.fragment.xml": 1614193899433,
  "view/FilterDialog.fragment.xml": 1616767455509,
  "view/DialogMateriais.fragment.xml": 1614280849534,
  "view/DialogCadastroCnpj.fragment.xml": 1615209839735,
  "view/Dialog3.fragment.xml": 1616072232074,
  "view/Dialog2.fragment.xml": 1615315233465,
  "view/Dialog1.fragment.xml": 1614280742169,
  "WEB-INF/web.xml": 1613575740609,
  "index.html": 1614875168616
}