{
  "controller/Dialog3-dbg.js": 1616014629146,
  "i18n/i18n_en.properties": 1616890748005,
  "model/errorHandling.js": 1613575740413,
  "manifest.json": 1617204772871,
  "model/models.js": 1613575740413,
  "model/formatter.js": 1615989877526,
  "data/hierarchicalJSONData.json": 1613575740385,
  "controller/utilities.js": 1613575740385,
  "controller/Popover2.js": 1616891724639,
  "controller/Popover1.js": 1613575740373,
  "controller/Page2.controller.js": 1617204729026,
  "controller/Page1.controller.js": 1617118260684,
  "controller/Dialog3.js": 1616014629146,
  "controller/Dialog2.js": 1615391059440,
  "controller/Dialog1.js": 1614280751753,
  "controller/DemoPersoService.js": 1613763210266,
  "Component.js": 1613575740365,
  "manifest-bundle.zip": 1617204771896,
  "Component-preload.js": 1617204772721,
  "controller/Page2-dbg.controller.js": 1617204729026,
  "model/formatter-dbg.js": 1615989877526,
  "model/errorHandling-dbg.js": 1613575740413,
  "controller/utilities-dbg.js": 1613575740385,
  "controller/Popover2-dbg.js": 1616891724639,
  "controller/Popover1-dbg.js": 1613575740373,
  "model/models-dbg.js": 1613575740413,
  "controller/Page1-dbg.controller.js": 1617118260684,
  "i18n/i18n.properties": 1616890750981,
  "controller/Dialog2-dbg.js": 1615391059440,
  "controller/Dialog1-dbg.js": 1614280751753,
  "controller/DemoPersoService-dbg.js": 1613763210266,
  "Component-dbg.js": 1613575740365,
  "view/SortDialogPage2.fragment.xml": 1614189917595,
  "view/SortDialog.fragment.xml": 1614779568323,
  "view/Popover2.fragment.xml": 1614626891929,
  "view/Popover1.fragment.xml": 1613575740605,
  "view/Page2.view.xml": 1617115524633,
  "view/Page1.view.xml": 1617118350620,
  "view/GroupDialogPage2.fragment.xml": 1614189743605,
  "view/GroupDialog.fragment.xml": 1613755720929,
  "view/FilterDialogPage2.fragment.xml": 1614193899433,
  "view/FilterDialog.fragment.xml": 1616888591848,
  "view/DialogMateriais.fragment.xml": 1614280849534,
  "view/DialogCadastroCnpj.fragment.xml": 1615209839735,
  "view/Dialog3.fragment.xml": 1616072232074,
  "view/Dialog2.fragment.xml": 1615315233465,
  "view/Dialog1.fragment.xml": 1614280742169,
  "WEB-INF/web.xml": 1613575740609,
  "index.html": 1614875168616
}