{
  "controller/Dialog1.js": 1633528894168,
  "i18n/i18n_en.properties": 1633528894172,
  "model/errorHandling.js": 1633528894172,
  "manifest.json": 1647535615329,
  "model/models.js": 1633528894172,
  "model/formatter.js": 1633528894172,
  "data/hierarchicalJSONData.json": 1633528894172,
  "controller/utilities.js": 1633528894172,
  "controller/Popover2.js": 1633528894172,
  "controller/Popover1.js": 1633528894172,
  "controller/Page2.controller.js": 1635967072454,
  "controller/Page1.controller.js": 1647534340406,
  "controller/Dialog3.js": 1633528894168,
  "controller/Dialog2.js": 1647535581488,
  "i18n/i18n.properties": 1633528894172,
  "controller/DemoPersoService.js": 1633528894168,
  "Component.js": 1633528894168,
  "manifest-bundle.zip": 1647535614314,
  "Component-preload.js": 1647535615077,
  "model/models-dbg.js": 1633528894172,
  "model/formatter-dbg.js": 1633528894172,
  "model/errorHandling-dbg.js": 1633528894172,
  "controller/utilities-dbg.js": 1633528894172,
  "controller/Popover2-dbg.js": 1633528894172,
  "controller/Popover1-dbg.js": 1633528894172,
  "controller/Page2-dbg.controller.js": 1635967072454,
  "controller/Page1-dbg.controller.js": 1647534340406,
  "controller/Dialog3-dbg.js": 1633528894168,
  "controller/Dialog2-dbg.js": 1647535581488,
  "controller/Dialog1-dbg.js": 1633528894168,
  "controller/DemoPersoService-dbg.js": 1633528894168,
  "Component-dbg.js": 1633528894168,
  "view/SortDialogPage2.fragment.xml": 1633528894172,
  "view/SortDialog.fragment.xml": 1633528894172,
  "view/Popover2.fragment.xml": 1633528894172,
  "view/Popover1.fragment.xml": 1633528894172,
  "view/Page2.view.xml": 1633528894172,
  "view/Page1.view.xml": 1634645721095,
  "view/GroupDialogPage2.fragment.xml": 1633528894172,
  "view/GroupDialog.fragment.xml": 1633528894172,
  "view/FilterDialogPage2.fragment.xml": 1633528894172,
  "view/FilterDialog.fragment.xml": 1633528894172,
  "view/DialogMateriais.fragment.xml": 1633528894172,
  "view/DialogCadastroCnpj.fragment.xml": 1633528894172,
  "view/Dialog3.fragment.xml": 1633528894172,
  "view/Dialog2.fragment.xml": 1633528894172,
  "view/Dialog1.fragment.xml": 1633528894172,
  "WEB-INF/web.xml": 1633528894168,
  "index.html": 1633528894172
}