{
  "controller/Page2-dbg.controller.js": 1621015985932,
  "i18n/i18n.properties": 1619177583233,
  "controller/Page2.controller.js": 1621015985932,
  "manifest.json": 1621016020945,
  "model/models.js": 1619177583233,
  "model/formatter.js": 1619782614395,
  "model/errorHandling.js": 1619177583233,
  "controller/utilities.js": 1619177583233,
  "controller/Popover2.js": 1619177583233,
  "controller/Popover1.js": 1619177583233,
  "data/hierarchicalJSONData.json": 1619177583233,
  "controller/Page1.controller.js": 1620689775741,
  "controller/Dialog3.js": 1619177583233,
  "controller/Dialog2.js": 1619177583233,
  "controller/Dialog1.js": 1619177583233,
  "controller/DemoPersoService.js": 1619177583233,
  "Component.js": 1619177583233,
  "manifest-bundle.zip": 1621016020209,
  "Component-preload.js": 1621016020801,
  "model/errorHandling-dbg.js": 1619177583233,
  "model/formatter-dbg.js": 1619782614395,
  "model/models-dbg.js": 1619177583233,
  "controller/utilities-dbg.js": 1619177583233,
  "controller/Popover2-dbg.js": 1619177583233,
  "controller/Popover1-dbg.js": 1619177583233,
  "i18n/i18n_en.properties": 1619177583233,
  "controller/Page1-dbg.controller.js": 1620689775741,
  "controller/Dialog3-dbg.js": 1619177583233,
  "controller/Dialog2-dbg.js": 1619177583233,
  "controller/Dialog1-dbg.js": 1619177583233,
  "controller/DemoPersoService-dbg.js": 1619177583233,
  "Component-dbg.js": 1619177583233,
  "view/SortDialogPage2.fragment.xml": 1619177583233,
  "view/SortDialog.fragment.xml": 1619177961138,
  "view/Popover2.fragment.xml": 1619177583233,
  "view/Popover1.fragment.xml": 1619177583233,
  "view/Page2.view.xml": 1619177583233,
  "view/Page1.view.xml": 1619782610399,
  "view/GroupDialogPage2.fragment.xml": 1619177583233,
  "view/GroupDialog.fragment.xml": 1619177583233,
  "view/FilterDialogPage2.fragment.xml": 1619177583233,
  "view/FilterDialog.fragment.xml": 1619177936946,
  "view/DialogMateriais.fragment.xml": 1619177583233,
  "view/DialogCadastroCnpj.fragment.xml": 1619177583233,
  "view/Dialog3.fragment.xml": 1619177583233,
  "view/Dialog2.fragment.xml": 1619177583233,
  "view/Dialog1.fragment.xml": 1619177583233,
  "WEB-INF/web.xml": 1619177583233,
  "index.html": 1619177583233
}