{
  "view/SortDialog.fragment.xml": 1614189888814,
  "i18n/i18n_en.properties": 1613575740393,
  "controller/Dialog2.js": 1613575740365,
  "manifest.json": 1614628105125,
  "model/models.js": 1613575740413,
  "model/formatter.js": 1614266258250,
  "model/errorHandling.js": 1613575740413,
  "controller/utilities.js": 1613575740385,
  "controller/Popover2.js": 1614626561025,
  "controller/Popover1.js": 1613575740373,
  "controller/Page2.controller.js": 1614628088654,
  "controller/Page1.controller.js": 1614624613478,
  "controller/Dialog3.js": 1613575740365,
  "data/hierarchicalJSONData.json": 1613575740385,
  "controller/Dialog1.js": 1614280751753,
  "controller/DemoPersoService.js": 1613763210266,
  "Component.js": 1613575740365,
  "manifest-bundle.zip": 1614628104658,
  "Component-preload.js": 1614628105029,
  "controller/Page1-dbg.controller.js": 1614624613478,
  "model/formatter-dbg.js": 1614266258250,
  "model/errorHandling-dbg.js": 1613575740413,
  "controller/utilities-dbg.js": 1613575740385,
  "controller/Popover2-dbg.js": 1614626561025,
  "controller/Popover1-dbg.js": 1613575740373,
  "controller/Page2-dbg.controller.js": 1614628088654,
  "model/models-dbg.js": 1613575740413,
  "controller/Dialog3-dbg.js": 1613575740365,
  "controller/Dialog2-dbg.js": 1613575740365,
  "controller/Dialog1-dbg.js": 1614280751753,
  "controller/DemoPersoService-dbg.js": 1613763210266,
  "Component-dbg.js": 1613575740365,
  "view/SortDialogPage2.fragment.xml": 1614189917595,
  "i18n/i18n.properties": 1613575740385,
  "view/Popover2.fragment.xml": 1614626891929,
  "view/Popover1.fragment.xml": 1613575740605,
  "view/Page2.view.xml": 1614285734198,
  "view/Page1.view.xml": 1614616860347,
  "view/GroupDialogPage2.fragment.xml": 1614189743605,
  "view/GroupDialog.fragment.xml": 1613755720929,
  "view/FilterDialogPage2.fragment.xml": 1614193899433,
  "view/FilterDialog.fragment.xml": 1613753695961,
  "view/DialogMateriais.fragment.xml": 1614280849534,
  "view/Dialog3.fragment.xml": 1613575740589,
  "view/Dialog2.fragment.xml": 1613575740589,
  "view/Dialog1.fragment.xml": 1614280742169,
  "WEB-INF/web.xml": 1613575740609,
  "index.html": 1613576167243
}