{
  "view/Dialog3.fragment.xml": 1628089735024,
  "i18n/i18n_en.properties": 1619177583233,
  "controller/Popover2.js": 1619177583233,
  "manifest.json": 1629983554807,
  "model/models.js": 1619177583233,
  "model/formatter.js": 1619782614395,
  "model/errorHandling.js": 1619177583233,
  "controller/utilities.js": 1619177583233,
  "data/hierarchicalJSONData.json": 1619177583233,
  "controller/Popover1.js": 1619177583233,
  "controller/Page2.controller.js": 1627923470480,
  "controller/Page1.controller.js": 1629744640102,
  "controller/Dialog3.js": 1619177583233,
  "controller/Dialog2.js": 1619177583233,
  "controller/Dialog1.js": 1619177583233,
  "controller/DemoPersoService.js": 1619177583233,
  "Component.js": 1619177583233,
  "manifest-bundle.zip": 1629983553770,
  "Component-preload.js": 1629983554575,
  "controller/Page1-dbg.controller.js": 1629744640102,
  "model/formatter-dbg.js": 1619782614395,
  "model/errorHandling-dbg.js": 1619177583233,
  "controller/utilities-dbg.js": 1619177583233,
  "controller/Popover2-dbg.js": 1619177583233,
  "controller/Popover1-dbg.js": 1619177583233,
  "controller/Page2-dbg.controller.js": 1627923470480,
  "model/models-dbg.js": 1619177583233,
  "controller/Dialog3-dbg.js": 1619177583233,
  "controller/Dialog2-dbg.js": 1619177583233,
  "controller/Dialog1-dbg.js": 1619177583233,
  "controller/DemoPersoService-dbg.js": 1619177583233,
  "Component-dbg.js": 1619177583233,
  "view/SortDialogPage2.fragment.xml": 1619177583233,
  "view/SortDialog.fragment.xml": 1619177961138,
  "view/Popover2.fragment.xml": 1619177583233,
  "view/Popover1.fragment.xml": 1619177583233,
  "view/Page2.view.xml": 1626206043816,
  "view/Page1.view.xml": 1627485420377,
  "view/GroupDialogPage2.fragment.xml": 1619177583233,
  "view/GroupDialog.fragment.xml": 1619177583233,
  "view/FilterDialogPage2.fragment.xml": 1619177583233,
  "view/FilterDialog.fragment.xml": 1629983516733,
  "view/DialogMateriais.fragment.xml": 1619177583233,
  "view/DialogCadastroCnpj.fragment.xml": 1619177583233,
  "i18n/i18n.properties": 1619177583233,
  "view/Dialog2.fragment.xml": 1619177583233,
  "view/Dialog1.fragment.xml": 1619177583233,
  "WEB-INF/web.xml": 1619177583233,
  "index.html": 1619177583233
}